pdf_size_mb,algo,tempo_local_ms,ciclos_local,tempo_intel_x9_ms,tempo_amd_e6_ms,custo_intel_r$,custo_amd_r$
1,ML-DSA-44,133,346943740,185.04,167.05,0.01133,0.00767
1,ML-DSA-65,135,351527280,187.48,169.25,0.01148,0.00777
1,ML-DSA-87,137,358711860,191.31,172.71,0.01171,0.00793
2,ML-DSA-44,138,360675380,192.36,173.66,0.01178,0.00798
2,ML-DSA-65,134,350511200,186.94,168.76,0.01145,0.00775
2,ML-DSA-87,155,404464580,215.71,194.74,0.01321,0.00894
3,ML-DSA-44,149,387668580,206.76,186.66,0.01266,0.00857
3,ML-DSA-65,157,408547620,217.89,196.71,0.01334,0.00903
3,ML-DSA-87,152,396139120,211.27,190.73,0.01294,0.00876
4,ML-DSA-44,167,434737420,231.86,209.32,0.0142,0.00961
4,ML-DSA-65,152,397750600,212.13,191.51,0.01299,0.0088
4,ML-DSA-87,163,425413300,226.89,204.83,0.01389,0.00941
5,ML-DSA-44,143,373503000,199.2,179.83,0.0122,0.00826
5,ML-DSA-65,153,400306660,213.5,192.74,0.01307,0.00885
5,ML-DSA-87,167,435157320,232.08,209.52,0.01421,0.00962
6,ML-DSA-44,148,385249800,205.47,185.49,0.01258,0.00852
6,ML-DSA-65,148,385106800,205.39,185.42,0.01258,0.00852
6,ML-DSA-87,155,404091220,215.52,194.56,0.0132,0.00894
7,ML-DSA-44,158,411712340,219.58,198.23,0.01345,0.0091
7,ML-DSA-65,169,441422800,235.43,212.54,0.01442,0.00976
7,ML-DSA-87,153,399981660,213.32,192.58,0.01306,0.00884
8,ML-DSA-44,147,382677880,204.09,184.25,0.0125,0.00846
8,ML-DSA-65,156,408109260,217.66,196.5,0.01333,0.00902
8,ML-DSA-87,171,445582280,237.64,214.54,0.01455,0.00985
9,ML-DSA-44,164,427168040,227.82,205.67,0.01395,0.00945
9,ML-DSA-65,152,396930560,211.7,191.11,0.01296,0.00878
9,ML-DSA-87,148,385968960,205.85,185.84,0.01261,0.00854
10,ML-DSA-44,164,426947300,227.71,205.57,0.01394,0.00944
10,ML-DSA-65,173,452059400,241.1,217.66,0.01476,0.01
10,ML-DSA-87,157,409219720,218.25,197.03,0.01336,0.00905
11,ML-DSA-44,163,424701420,226.51,204.49,0.01387,0.00939
11,ML-DSA-65,167,434399680,231.68,209.16,0.01419,0.00961
11,ML-DSA-87,166,432475940,230.65,208.23,0.01412,0.00956
12,ML-DSA-44,169,441894180,235.68,212.76,0.01443,0.00977
12,ML-DSA-65,167,436305740,232.7,210.07,0.01425,0.00965
12,ML-DSA-87,168,437030880,233.08,210.42,0.01427,0.00966
13,ML-DSA-44,175,455671320,243.02,219.4,0.01488,0.01008
13,ML-DSA-65,170,442441740,235.97,213.03,0.01445,0.00978
13,ML-DSA-87,170,443867840,236.73,213.71,0.0145,0.00981
14,ML-DSA-44,163,424774740,226.55,204.52,0.01387,0.00939
14,ML-DSA-65,173,450177780,240.09,216.75,0.0147,0.00995
14,ML-DSA-87,171,447027620,238.41,215.24,0.0146,0.00989
15,ML-DSA-44,175,455330720,242.84,219.23,0.01487,0.01007
15,ML-DSA-65,169,441060880,235.23,212.36,0.0144,0.00975
15,ML-DSA-87,169,439444460,234.37,211.58,0.01435,0.00972
16,ML-DSA-44,185,483013180,257.61,232.56,0.01577,0.01068
16,ML-DSA-65,169,440014120,234.67,211.86,0.01437,0.00973
16,ML-DSA-87,170,443303120,236.43,213.44,0.01448,0.0098
17,ML-DSA-44,163,424912800,226.62,204.59,0.01388,0.0094
17,ML-DSA-65,183,476404240,254.08,229.38,0.01556,0.01053
17,ML-DSA-87,180,469173640,250.23,225.9,0.01532,0.01037
18,ML-DSA-44,174,452971740,241.58,218.1,0.01479,0.01002
18,ML-DSA-65,184,480905620,256.48,231.55,0.01571,0.01063
18,ML-DSA-87,185,481274300,256.68,231.72,0.01572,0.01064
19,ML-DSA-44,190,494790920,263.89,238.23,0.01616,0.01094
19,ML-DSA-65,182,473929040,252.76,228.19,0.01548,0.01048
19,ML-DSA-87,184,479055720,255.5,230.66,0.01565,0.01059
20,ML-DSA-44,188,490156420,261.42,236.0,0.01601,0.01084
20,ML-DSA-65,186,485554940,258.96,233.79,0.01586,0.01074
20,ML-DSA-87,183,476246420,254.0,229.3,0.01555,0.01053
21,ML-DSA-44,190,496290080,264.69,238.95,0.01621,0.01097
21,ML-DSA-65,185,481349440,256.72,231.76,0.01572,0.01064
21,ML-DSA-87,186,483758080,258.0,232.92,0.0158,0.0107
22,ML-DSA-44,174,454751700,242.53,218.95,0.01485,0.01006
22,ML-DSA-65,203,529499620,282.4,254.94,0.01729,0.01171
22,ML-DSA-87,184,479417640,255.69,230.83,0.01566,0.0106
23,ML-DSA-44,168,438640540,233.94,211.2,0.01433,0.0097
23,ML-DSA-65,189,493760800,263.34,237.74,0.01613,0.01092
23,ML-DSA-87,185,481319800,256.7,231.75,0.01572,0.01064
24,ML-DSA-44,196,511390620,272.74,246.23,0.0167,0.01131
24,ML-DSA-65,195,507769340,270.81,244.48,0.01658,0.01123
24,ML-DSA-87,183,477654060,254.75,229.98,0.0156,0.01056
25,ML-DSA-44,203,529179040,282.23,254.79,0.01728,0.0117
25,ML-DSA-65,203,528537100,281.89,254.48,0.01726,0.01169
25,ML-DSA-87,195,508985100,271.46,245.07,0.01662,0.01126
26,ML-DSA-44,202,526551480,280.83,253.52,0.0172,0.01164
26,ML-DSA-65,200,520713440,277.71,250.71,0.01701,0.01151
26,ML-DSA-87,196,511288960,272.69,246.18,0.0167,0.01131
27,ML-DSA-44,194,505404900,269.55,243.34,0.01651,0.01118
27,ML-DSA-65,202,527735260,281.46,254.09,0.01724,0.01167
27,ML-DSA-87,216,562467620,299.98,270.82,0.01837,0.01244
28,ML-DSA-44,203,528314280,281.77,254.37,0.01725,0.01168
28,ML-DSA-65,201,524757480,279.87,252.66,0.01714,0.0116
28,ML-DSA-87,186,484796780,258.56,233.42,0.01583,0.01072
29,ML-DSA-44,197,513897020,274.08,247.43,0.01678,0.01136
29,ML-DSA-65,211,549066180,292.84,264.37,0.01793,0.01214
29,ML-DSA-87,198,516557600,275.5,248.71,0.01687,0.01142
30,ML-DSA-44,200,522028780,278.42,251.35,0.01705,0.01154
30,ML-DSA-65,203,529641580,282.48,255.01,0.0173,0.01171
30,ML-DSA-87,206,536817060,286.3,258.47,0.01753,0.01187
31,ML-DSA-44,206,537339140,286.58,258.72,0.01755,0.01188
31,ML-DSA-65,218,567705840,302.78,273.34,0.01854,0.01255
31,ML-DSA-87,216,563578080,300.57,271.35,0.01841,0.01246
32,ML-DSA-44,211,551101200,293.92,265.35,0.018,0.01219
32,ML-DSA-65,212,552650020,294.75,266.09,0.01805,0.01222
32,ML-DSA-87,211,548933320,292.76,264.3,0.01793,0.01214
33,ML-DSA-44,212,551539300,294.15,265.56,0.01801,0.0122
33,ML-DSA-65,216,562923920,300.23,271.04,0.01838,0.01245
33,ML-DSA-87,214,557773580,297.48,268.56,0.01822,0.01233
34,ML-DSA-44,210,546940420,291.7,263.34,0.01786,0.01209
34,ML-DSA-65,219,570213540,304.11,274.55,0.01862,0.01261
34,ML-DSA-87,227,590720260,315.05,284.42,0.01929,0.01306
35,ML-DSA-44,220,573910220,306.09,276.33,0.01874,0.01269
35,ML-DSA-65,213,554894080,295.94,267.17,0.01812,0.01227
35,ML-DSA-87,202,526155760,280.62,253.33,0.01718,0.01163
36,ML-DSA-44,223,580169720,309.42,279.34,0.01895,0.01283
36,ML-DSA-65,218,568957740,303.44,273.94,0.01858,0.01258
36,ML-DSA-87,219,569583560,303.78,274.24,0.0186,0.01259
37,ML-DSA-44,212,552545760,294.69,266.04,0.01805,0.01222
37,ML-DSA-65,210,546416260,291.42,263.09,0.01785,0.01208
37,ML-DSA-87,215,559081900,298.18,269.19,0.01826,0.01236
38,ML-DSA-44,214,556979540,297.06,268.18,0.01819,0.01232
38,ML-DSA-65,216,562340740,299.92,270.76,0.01837,0.01244
38,ML-DSA-87,218,569161580,303.55,274.04,0.01859,0.01259
39,ML-DSA-44,225,586333800,312.71,282.31,0.01915,0.01297
39,ML-DSA-65,235,612794260,326.82,295.05,0.02001,0.01355
39,ML-DSA-87,212,553615920,295.26,266.56,0.01808,0.01224
40,ML-DSA-44,234,609626680,325.13,293.52,0.01991,0.01348
40,ML-DSA-65,235,613063360,326.97,295.18,0.02002,0.01356
40,ML-DSA-87,228,593745620,316.66,285.88,0.01939,0.01313
41,ML-DSA-44,231,602145440,321.14,289.92,0.01967,0.01332
41,ML-DSA-65,231,602591600,321.38,290.14,0.01968,0.01333
41,ML-DSA-87,235,613113020,326.99,295.2,0.02002,0.01356
42,ML-DSA-44,232,603275140,321.75,290.47,0.0197,0.01334
42,ML-DSA-65,233,607112480,323.79,292.31,0.01983,0.01342
42,ML-DSA-87,231,600948140,320.51,289.35,0.01963,0.01329
43,ML-DSA-44,237,617089720,329.11,297.12,0.02015,0.01365
43,ML-DSA-65,236,615312360,328.17,296.26,0.0201,0.01361
43,ML-DSA-87,233,606315320,323.37,291.93,0.0198,0.01341
44,ML-DSA-44,230,599002820,319.47,288.41,0.01956,0.01325
44,ML-DSA-65,228,593744060,316.66,285.88,0.01939,0.01313
44,ML-DSA-87,233,606492900,323.46,292.02,0.01981,0.01341
45,ML-DSA-44,233,607099740,323.79,292.31,0.01983,0.01342
45,ML-DSA-65,246,640729180,341.72,308.5,0.02093,0.01417
45,ML-DSA-87,244,634974860,338.65,305.73,0.02074,0.01404
46,ML-DSA-44,234,608505820,324.54,292.98,0.01987,0.01346
46,ML-DSA-65,247,642757440,342.8,309.48,0.02099,0.01421
46,ML-DSA-87,247,643185920,343.03,309.68,0.02101,0.01422
47,ML-DSA-44,252,656192420,349.97,315.94,0.02143,0.01451
47,ML-DSA-65,246,640871140,341.8,308.57,0.02093,0.01417
47,ML-DSA-87,246,640657420,341.68,308.46,0.02092,0.01417
48,ML-DSA-44,258,671231600,357.99,323.19,0.02192,0.01484
48,ML-DSA-65,249,647768680,345.48,311.89,0.02116,0.01432
48,ML-DSA-87,246,641315220,342.03,308.78,0.02094,0.01418
49,ML-DSA-44,248,644989280,343.99,310.55,0.02106,0.01426
49,ML-DSA-65,248,646475180,344.79,311.27,0.02111,0.0143
49,ML-DSA-87,246,640288480,341.49,308.29,0.02091,0.01416
50,ML-DSA-44,237,617515860,329.34,297.32,0.02017,0.01365
50,ML-DSA-65,251,653175380,348.36,314.49,0.02133,0.01444
50,ML-DSA-87,249,649026040,346.15,312.49,0.0212,0.01435
51,ML-DSA-44,250,652444520,347.97,314.14,0.02131,0.01443
51,ML-DSA-65,247,643982040,343.46,310.07,0.02103,0.01424
51,ML-DSA-87,245,639381600,341.0,307.85,0.02088,0.01414
52,ML-DSA-44,249,648143340,345.68,312.07,0.02117,0.01433
52,ML-DSA-65,248,645266440,344.14,310.68,0.02107,0.01427
52,ML-DSA-87,252,656299540,350.03,316.0,0.02143,0.01451
53,ML-DSA-44,261,679912480,362.62,327.37,0.02221,0.01504
53,ML-DSA-65,266,692987100,369.59,333.66,0.02263,0.01532
53,ML-DSA-87,246,641540120,342.15,308.89,0.02095,0.01419
54,ML-DSA-44,266,692337880,369.25,333.35,0.02261,0.01531
54,ML-DSA-65,261,679223480,362.25,327.03,0.02218,0.01502
54,ML-DSA-87,259,673840180,359.38,324.44,0.02201,0.0149
55,ML-DSA-44,256,666887260,355.67,321.09,0.02178,0.01475
55,ML-DSA-65,266,693325620,369.77,333.82,0.02264,0.01533
55,ML-DSA-87,263,685915880,365.82,330.26,0.0224,0.01517
56,ML-DSA-44,258,672417200,358.62,323.76,0.02196,0.01487
56,ML-DSA-65,257,669287840,356.95,322.25,0.02186,0.0148
56,ML-DSA-87,259,674102520,359.52,324.57,0.02202,0.01491
57,ML-DSA-44,263,684289320,364.95,329.47,0.02235,0.01513
57,ML-DSA-65,263,685876360,365.8,330.24,0.0224,0.01517
57,ML-DSA-87,259,673500100,359.2,324.28,0.022,0.01489
58,ML-DSA-44,262,681575700,363.51,328.17,0.02226,0.01507
58,ML-DSA-65,274,712433020,379.96,343.02,0.02327,0.01575
58,ML-DSA-87,260,676547820,360.83,325.75,0.0221,0.01496
59,ML-DSA-44,271,704729480,375.86,339.31,0.02302,0.01558
59,ML-DSA-65,261,680530760,362.95,327.66,0.02223,0.01505
59,ML-DSA-87,260,677531660,361.35,326.22,0.02213,0.01498
60,ML-DSA-44,272,707450120,377.31,340.62,0.0231,0.01564
60,ML-DSA-65,276,719672980,383.83,346.51,0.0235,0.01591
60,ML-DSA-87,258,671042320,357.89,323.09,0.02192,0.01484
61,ML-DSA-44,281,732968600,390.92,352.91,0.02394,0.01621
61,ML-DSA-65,261,678896400,362.08,326.88,0.02217,0.01501
61,ML-DSA-87,278,725317840,386.84,349.23,0.02369,0.01604
62,ML-DSA-44,263,686349560,366.05,330.46,0.02242,0.01518
62,ML-DSA-65,277,720308160,384.16,346.82,0.02352,0.01593
62,ML-DSA-87,277,720725720,384.39,347.02,0.02354,0.01594
63,ML-DSA-44,292,761253740,406.0,366.53,0.02486,0.01683
63,ML-DSA-65,280,729643200,389.14,351.31,0.02383,0.01613
63,ML-DSA-87,277,720891600,384.48,347.1,0.02354,0.01594
64,ML-DSA-44,275,717410980,382.62,345.42,0.02343,0.01586
64,ML-DSA-65,279,727346360,387.92,350.2,0.02375,0.01608
64,ML-DSA-87,260,676005460,360.54,325.48,0.02208,0.01495
65,ML-DSA-44,294,764865660,407.93,368.27,0.02498,0.01691
65,ML-DSA-65,303,789199840,420.91,379.99,0.02577,0.01745
65,ML-DSA-87,277,722424040,385.29,347.83,0.02359,0.01597
66,ML-DSA-44,279,727245740,387.86,350.16,0.02375,0.01608
66,ML-DSA-65,277,722795060,385.49,348.01,0.02361,0.01598
66,ML-DSA-87,283,736018140,392.54,354.38,0.02404,0.01628
67,ML-DSA-44,296,771178980,411.3,371.31,0.02519,0.01705
67,ML-DSA-65,288,750121580,400.06,361.17,0.0245,0.01659
67,ML-DSA-87,295,768989780,410.13,370.25,0.02511,0.017
68,ML-DSA-44,296,769874820,410.6,370.68,0.02514,0.01702
68,ML-DSA-65,279,727249900,387.87,350.16,0.02375,0.01608
68,ML-DSA-87,293,763062820,406.97,367.4,0.02492,0.01687
69,ML-DSA-44,282,735096180,392.05,353.94,0.02401,0.01626
69,ML-DSA-65,276,719731480,383.86,346.54,0.02351,0.01592
69,ML-DSA-87,294,766298780,408.69,368.96,0.02503,0.01695
70,ML-DSA-44,276,719436900,383.7,346.4,0.0235,0.01591
70,ML-DSA-65,281,731161080,389.95,352.04,0.02388,0.01617
70,ML-DSA-87,295,769366000,410.33,370.44,0.02513,0.01701
71,ML-DSA-44,291,757428360,403.96,364.69,0.02474,0.01675
71,ML-DSA-65,297,772763680,412.14,372.07,0.02524,0.01709
71,ML-DSA-87,306,796319940,424.7,383.41,0.02601,0.01761
72,ML-DSA-44,290,754470340,402.38,363.26,0.02464,0.01668
72,ML-DSA-65,291,758039100,404.29,364.98,0.02476,0.01676
72,ML-DSA-87,298,775440900,413.57,373.36,0.02533,0.01715
73,ML-DSA-44,297,773503640,412.54,372.43,0.02526,0.0171
73,ML-DSA-65,293,764312900,407.63,368.0,0.02496,0.0169
73,ML-DSA-87,295,768977820,410.12,370.25,0.02511,0.017
74,ML-DSA-44,308,802329840,427.91,386.31,0.0262,0.01774
74,ML-DSA-65,289,753939420,402.1,363.01,0.02462,0.01667
74,ML-DSA-87,292,760407180,405.55,366.12,0.02483,0.01681
75,ML-DSA-44,295,767003640,409.07,369.3,0.02505,0.01696
75,ML-DSA-65,290,754316680,402.3,363.19,0.02464,0.01668
75,ML-DSA-87,292,759604040,405.12,365.74,0.02481,0.0168
76,ML-DSA-44,317,826186660,440.63,397.79,0.02698,0.01827
76,ML-DSA-65,295,767489840,409.33,369.53,0.02507,0.01697
76,ML-DSA-87,309,804792820,429.22,387.49,0.02628,0.0178
77,ML-DSA-44,303,788162440,420.35,379.49,0.02574,0.01743
77,ML-DSA-65,310,807549080,430.69,388.82,0.02637,0.01786
77,ML-DSA-87,308,801500440,427.47,385.91,0.02618,0.01772
78,ML-DSA-44,313,816160020,435.29,392.97,0.02666,0.01805
78,ML-DSA-65,309,805257440,429.47,387.72,0.0263,0.01781
78,ML-DSA-87,309,805242880,429.46,387.71,0.0263,0.01781
79,ML-DSA-44,310,807622920,430.73,388.86,0.02638,0.01786
79,ML-DSA-65,312,811942300,433.04,390.94,0.02652,0.01795
79,ML-DSA-87,325,845597220,450.99,407.14,0.02762,0.0187
80,ML-DSA-44,307,799622720,426.47,385.0,0.02612,0.01768
80,ML-DSA-65,321,836493580,446.13,402.76,0.02732,0.0185
80,ML-DSA-87,294,764686520,407.83,368.18,0.02497,0.01691
81,ML-DSA-44,315,820022580,437.35,394.83,0.02678,0.01813
81,ML-DSA-65,310,808141880,431.01,389.11,0.02639,0.01787
81,ML-DSA-87,307,798374720,425.8,384.4,0.02607,0.01765
82,ML-DSA-44,323,841037080,448.55,404.94,0.02747,0.0186
82,ML-DSA-65,325,847405520,451.95,408.01,0.02768,0.01874
82,ML-DSA-87,317,825151860,440.08,397.3,0.02695,0.01825
83,ML-DSA-44,319,830315720,442.84,399.78,0.02712,0.01836
83,ML-DSA-65,319,831310740,443.37,400.26,0.02715,0.01838
83,ML-DSA-87,326,849719000,453.18,409.12,0.02775,0.01879
84,ML-DSA-44,319,829796500,442.56,399.53,0.0271,0.01835
84,ML-DSA-65,325,846031940,451.22,407.35,0.02763,0.01871
84,ML-DSA-87,312,812113640,433.13,391.02,0.02652,0.01796
85,ML-DSA-44,321,837162300,446.49,403.08,0.02734,0.01851
85,ML-DSA-65,327,851085560,453.91,409.78,0.0278,0.01882
85,ML-DSA-87,323,841413820,448.75,405.13,0.02748,0.01861
86,ML-DSA-44,319,831084020,443.24,400.15,0.02714,0.01838
86,ML-DSA-65,325,846757860,451.6,407.7,0.02765,0.01872
86,ML-DSA-87,326,848486340,452.53,408.53,0.02771,0.01876
87,ML-DSA-44,336,875186000,466.77,421.39,0.02858,0.01935
87,ML-DSA-65,325,845907140,451.15,407.29,0.02763,0.01871
87,ML-DSA-87,330,859380080,458.34,413.78,0.02807,0.019
88,ML-DSA-44,318,827488220,441.33,398.42,0.02703,0.0183
88,ML-DSA-65,321,835917940,445.82,402.48,0.0273,0.01848
88,ML-DSA-87,338,879184540,468.9,423.31,0.02871,0.01944
89,ML-DSA-44,342,891278700,475.35,429.13,0.02911,0.01971
89,ML-DSA-65,336,875496700,466.93,421.54,0.02859,0.01936
89,ML-DSA-87,337,877275100,467.88,422.39,0.02865,0.0194
90,ML-DSA-44,336,875760080,467.07,421.66,0.0286,0.01937
90,ML-DSA-65,338,880215440,469.45,423.81,0.02875,0.01946
90,ML-DSA-87,338,880447620,469.57,423.92,0.02875,0.01947
91,ML-DSA-44,342,891318480,475.37,429.15,0.02911,0.01971
91,ML-DSA-65,340,886153060,472.61,426.67,0.02894,0.0196
91,ML-DSA-87,340,884567060,471.77,425.9,0.02889,0.01956
92,ML-DSA-44,347,902839860,481.51,434.7,0.02949,0.01996
92,ML-DSA-65,336,875968600,467.18,421.76,0.02861,0.01937
92,ML-DSA-87,337,877052280,467.76,422.28,0.02864,0.01939
93,ML-DSA-44,332,863828940,460.71,415.92,0.02821,0.0191
93,ML-DSA-65,352,917594340,489.38,441.8,0.02997,0.02029
93,ML-DSA-87,341,888155840,473.68,427.63,0.02901,0.01964
94,ML-DSA-44,365,950863680,507.13,457.82,0.03105,0.02103
94,ML-DSA-65,341,888373200,473.8,427.74,0.02901,0.01964
94,ML-DSA-87,341,888512820,473.87,427.8,0.02902,0.01965
95,ML-DSA-44,337,877786260,468.15,422.64,0.02867,0.01941
95,ML-DSA-65,344,896018240,477.88,431.42,0.02926,0.01981
95,ML-DSA-87,337,876824780,467.64,422.17,0.02864,0.01939
96,ML-DSA-44,353,920362560,490.86,443.14,0.03006,0.02035
96,ML-DSA-65,342,890224400,474.79,428.63,0.02907,0.01969
96,ML-DSA-87,340,885118780,472.06,426.17,0.02891,0.01957
97,ML-DSA-44,360,937019980,499.74,451.16,0.0306,0.02072
97,ML-DSA-65,341,888906200,474.08,427.99,0.02903,0.01966
97,ML-DSA-87,337,878763340,468.67,423.11,0.0287,0.01943
98,ML-DSA-44,334,870147200,464.08,418.96,0.02842,0.01924
98,ML-DSA-65,354,922241060,491.86,444.04,0.03012,0.02039
98,ML-DSA-87,353,917912840,489.55,441.96,0.02998,0.0203
99,ML-DSA-44,349,909679680,485.16,437.99,0.02971,0.02012
99,ML-DSA-65,358,931636940,496.87,448.57,0.03043,0.0206
99,ML-DSA-87,355,923386620,492.47,444.59,0.03016,0.02042
100,ML-DSA-44,353,919372740,490.33,442.66,0.03003,0.02033
100,ML-DSA-65,359,935394720,498.88,450.38,0.03055,0.02068
100,ML-DSA-87,354,921885380,491.67,443.87,0.03011,0.02039
101,ML-DSA-44,378,984134320,524.87,473.84,0.03214,0.02176
101,ML-DSA-65,353,918774220,490.01,442.37,0.03001,0.02032
101,ML-DSA-87,355,925325960,493.51,445.53,0.03022,0.02046
102,ML-DSA-44,363,944259160,503.6,454.64,0.03084,0.02088
102,ML-DSA-65,363,945027980,504.01,455.01,0.03086,0.0209
102,ML-DSA-87,358,932821500,497.5,449.14,0.03046,0.02063
103,ML-DSA-44,432,1124793540,599.89,541.57,0.03673,0.02487
103,ML-DSA-65,407,1058302440,564.43,509.55,0.03456,0.0234
103,ML-DSA-87,388,1009785140,538.55,486.19,0.03298,0.02233
104,ML-DSA-44,398,1037373480,553.27,499.48,0.03388,0.02294
104,ML-DSA-65,407,1060486960,565.59,510.6,0.03463,0.02345
104,ML-DSA-87,415,1081263040,576.67,520.61,0.03531,0.02391
105,ML-DSA-44,389,1011919480,539.69,487.22,0.03305,0.02238
105,ML-DSA-65,445,1158036360,617.62,557.57,0.03782,0.02561
105,ML-DSA-87,513,1333848100,711.39,642.22,0.04356,0.0295
106,ML-DSA-44,491,1277594240,681.38,615.14,0.04172,0.02825
106,ML-DSA-65,451,1173783780,626.02,565.16,0.03833,0.02596
106,ML-DSA-87,412,1073400640,572.48,516.82,0.03506,0.02374
107,ML-DSA-44,468,1218051640,649.63,586.47,0.03978,0.02693
107,ML-DSA-65,448,1166080240,621.91,561.45,0.03808,0.02579
107,ML-DSA-87,418,1089368540,581.0,524.51,0.03558,0.02409
108,ML-DSA-44,424,1103530220,588.55,531.33,0.03604,0.0244
108,ML-DSA-65,426,1109218760,591.58,534.07,0.03623,0.02453
108,ML-DSA-87,417,1084850520,578.59,522.34,0.03543,0.02399
109,ML-DSA-44,454,1180743460,629.73,568.51,0.03856,0.02611
109,ML-DSA-65,452,1175780060,627.08,566.12,0.0384,0.026
109,ML-DSA-87,453,1180205780,629.44,568.25,0.03854,0.0261
110,ML-DSA-44,423,1102013380,587.74,530.6,0.03599,0.02437
110,ML-DSA-65,423,1102217740,587.85,530.7,0.036,0.02437
110,ML-DSA-87,417,1086571980,579.51,523.16,0.03549,0.02403
111,ML-DSA-44,462,1202318780,641.24,578.89,0.03927,0.02659
111,ML-DSA-65,459,1195636000,637.67,575.68,0.03905,0.02644
111,ML-DSA-87,448,1166265360,622.01,561.54,0.03809,0.02579
112,ML-DSA-44,451,1174967560,626.65,565.73,0.03837,0.02598
112,ML-DSA-65,449,1169119640,623.53,562.91,0.03818,0.02585
112,ML-DSA-87,455,1183319540,631.1,569.75,0.03865,0.02617
113,ML-DSA-44,502,1307590960,697.38,629.58,0.0427,0.02891
113,ML-DSA-65,478,1245303800,664.16,599.59,0.04067,0.02754
113,ML-DSA-87,531,1382875780,737.53,665.83,0.04516,0.03058
114,ML-DSA-44,448,1165055320,621.36,560.95,0.03805,0.02576
114,ML-DSA-65,499,1297899980,692.21,624.91,0.04239,0.0287
114,ML-DSA-87,484,1259877320,671.93,606.61,0.04115,0.02786
115,ML-DSA-44,447,1162548140,620.03,559.75,0.03797,0.02571
115,ML-DSA-65,422,1099274020,586.28,529.28,0.0359,0.02431
115,ML-DSA-87,440,1146039700,611.22,551.8,0.03743,0.02534
116,ML-DSA-44,458,1192926800,636.23,574.37,0.03896,0.02638
116,ML-DSA-65,456,1186533920,632.82,571.29,0.03875,0.02624
116,ML-DSA-87,481,1250968680,667.18,602.32,0.04086,0.02766
117,ML-DSA-44,480,1248847340,666.05,601.3,0.04079,0.02762
117,ML-DSA-65,426,1109209920,591.58,534.06,0.03623,0.02453
117,ML-DSA-87,483,1256098220,669.92,604.79,0.04102,0.02778
118,ML-DSA-44,489,1273559040,679.23,613.2,0.04159,0.02816
118,ML-DSA-65,452,1175570500,626.97,566.02,0.03839,0.026
118,ML-DSA-87,423,1099862400,586.59,529.56,0.03592,0.02432
119,ML-DSA-44,467,1215604780,648.32,585.29,0.0397,0.02688
119,ML-DSA-65,441,1146992080,611.73,552.26,0.03746,0.02536
119,ML-DSA-87,473,1230464820,656.25,592.45,0.04019,0.02721
120,ML-DSA-44,474,1233891880,658.08,594.1,0.0403,0.02729
120,ML-DSA-65,454,1181639680,630.21,568.94,0.03859,0.02613
120,ML-DSA-87,420,1092796640,582.82,526.16,0.03569,0.02416
121,ML-DSA-44,483,1256656960,670.22,605.06,0.04104,0.02779
121,ML-DSA-65,468,1218420060,649.82,586.65,0.03979,0.02694
121,ML-DSA-87,501,1303477760,695.19,627.6,0.04257,0.02882
122,ML-DSA-44,492,1280975540,683.19,616.77,0.04184,0.02833
122,ML-DSA-65,425,1105117260,589.4,532.09,0.03609,0.02444
122,ML-DSA-87,495,1289310100,687.63,620.78,0.04211,0.02851
123,ML-DSA-44,487,1266987280,675.73,610.03,0.04138,0.02802
123,ML-DSA-65,504,1311138920,699.27,631.29,0.04282,0.02899
123,ML-DSA-87,442,1149492500,613.06,553.46,0.03754,0.02542
124,ML-DSA-44,467,1215526780,648.28,585.25,0.0397,0.02688
124,ML-DSA-65,506,1315618720,701.66,633.45,0.04297,0.02909
124,ML-DSA-87,467,1216444580,648.77,585.7,0.03973,0.0269
125,ML-DSA-44,488,1270866220,677.8,611.9,0.04151,0.0281
125,ML-DSA-65,496,1291286100,688.69,621.73,0.04217,0.02855
125,ML-DSA-87,525,1366608360,728.86,658.0,0.04463,0.03022
126,ML-DSA-44,484,1259701820,671.84,606.52,0.04114,0.02786
126,ML-DSA-65,462,1202892860,641.54,579.17,0.03929,0.0266
126,ML-DSA-87,480,1248112840,665.66,600.94,0.04076,0.0276
127,ML-DSA-44,452,1175746520,627.06,566.1,0.0384,0.026
127,ML-DSA-65,487,1266531240,675.48,609.81,0.04136,0.02801
127,ML-DSA-87,473,1230203260,656.11,592.32,0.04018,0.0272
128,ML-DSA-44,512,1331847920,710.32,641.26,0.0435,0.02945
128,ML-DSA-65,497,1294241520,690.26,623.15,0.04227,0.02862
128,ML-DSA-87,444,1154460580,615.71,555.85,0.0377,0.02553
129,ML-DSA-44,460,1197924780,638.89,576.78,0.03912,0.02649
129,ML-DSA-65,543,1413928880,754.1,680.78,0.04618,0.03127
129,ML-DSA-87,492,1280919640,683.16,616.74,0.04183,0.02832
130,ML-DSA-44,450,1171669720,624.89,564.14,0.03827,0.02591
130,ML-DSA-65,455,1184738100,631.86,570.43,0.03869,0.0262
130,ML-DSA-87,564,1466895820,782.34,706.28,0.04791,0.03244
131,ML-DSA-44,495,1287695500,686.77,620.0,0.04205,0.02847
131,ML-DSA-65,571,1487148520,793.15,716.03,0.04857,0.03288
131,ML-DSA-87,539,1403741300,748.66,675.88,0.04584,0.03104
132,ML-DSA-44,543,1414031060,754.15,680.83,0.04618,0.03127
132,ML-DSA-65,556,1447026620,771.75,696.72,0.04726,0.032
132,ML-DSA-87,534,1389742900,741.2,669.14,0.04539,0.03073
133,ML-DSA-44,508,1321287240,704.69,636.18,0.04315,0.02922
133,ML-DSA-65,499,1297445760,691.97,624.7,0.04237,0.02869
133,ML-DSA-87,490,1274501280,679.73,613.65,0.04162,0.02818
134,ML-DSA-44,520,1353367600,721.8,651.62,0.0442,0.02993
134,ML-DSA-65,487,1267942520,676.24,610.49,0.04141,0.02804
134,ML-DSA-87,551,1433920540,764.76,690.41,0.04683,0.03171
135,ML-DSA-44,540,1404544180,749.09,676.26,0.04587,0.03106
135,ML-DSA-65,514,1336799880,712.96,643.64,0.04366,0.02956
135,ML-DSA-87,517,1345313060,717.5,647.74,0.04394,0.02975
136,ML-DSA-44,510,1327145560,707.81,639.0,0.04334,0.02935
136,ML-DSA-65,476,1239639180,661.14,596.86,0.04049,0.02741
136,ML-DSA-87,536,1395559360,744.3,671.94,0.04558,0.03086
137,ML-DSA-44,520,1353856400,722.06,651.86,0.04422,0.02994
137,ML-DSA-65,535,1392582360,742.71,670.5,0.04548,0.03079
137,ML-DSA-87,523,1360571420,725.64,655.09,0.04443,0.03009
138,ML-DSA-44,513,1336274420,712.68,643.39,0.04364,0.02955
138,ML-DSA-65,561,1459301480,778.29,702.63,0.04766,0.03227
138,ML-DSA-87,492,1281688980,683.57,617.11,0.04186,0.02834
139,ML-DSA-44,518,1349192000,719.57,649.61,0.04406,0.02983
139,ML-DSA-65,532,1384237140,738.26,666.48,0.04521,0.03061
139,ML-DSA-87,491,1277933020,681.56,615.3,0.04174,0.02826
140,ML-DSA-44,496,1289973880,687.99,621.1,0.04213,0.02853
140,ML-DSA-65,530,1380063880,736.03,664.48,0.04507,0.03052
140,ML-DSA-87,508,1322869340,705.53,636.94,0.0432,0.02925
141,ML-DSA-44,525,1365216840,728.12,657.33,0.04459,0.03019
141,ML-DSA-65,483,1256343140,670.05,604.91,0.04103,0.02778
141,ML-DSA-87,500,1300143000,693.41,625.99,0.04246,0.02875
142,ML-DSA-44,512,1333685600,711.3,642.14,0.04356,0.02949
142,ML-DSA-65,499,1298149060,692.35,625.03,0.0424,0.02871
142,ML-DSA-87,495,1289003560,687.47,620.63,0.0421,0.0285
143,ML-DSA-44,524,1364651600,727.81,657.05,0.04457,0.03018
143,ML-DSA-65,529,1377194000,734.5,663.09,0.04498,0.03045
143,ML-DSA-87,468,1217829080,649.51,586.36,0.03977,0.02693
144,ML-DSA-44,518,1348612200,719.26,649.33,0.04404,0.02982
144,ML-DSA-65,530,1378857480,735.39,663.89,0.04503,0.03049
144,ML-DSA-87,556,1447008160,771.74,696.71,0.04726,0.032
145,ML-DSA-44,490,1274316940,679.64,613.56,0.04162,0.02818
145,ML-DSA-65,529,1377651600,734.75,663.31,0.04499,0.03046
145,ML-DSA-87,481,1250660060,667.02,602.17,0.04085,0.02766
146,ML-DSA-44,495,1289564380,687.77,620.9,0.04212,0.02852
146,ML-DSA-65,482,1253963880,668.78,603.76,0.04095,0.02773
146,ML-DSA-87,481,1250747680,667.07,602.21,0.04085,0.02766
147,ML-DSA-44,471,1226898400,654.35,590.73,0.04007,0.02713
147,ML-DSA-65,589,1532245520,817.2,737.75,0.05004,0.03388
147,ML-DSA-87,549,1428048180,761.63,687.58,0.04664,0.03158
148,ML-DSA-44,476,1239493840,661.06,596.79,0.04048,0.02741
148,ML-DSA-65,595,1547590460,825.38,745.14,0.05054,0.03422
148,ML-DSA-87,499,1299719980,693.18,625.79,0.04245,0.02874
149,ML-DSA-44,543,1413153300,753.68,680.41,0.04615,0.03125
149,ML-DSA-65,538,1399529820,746.42,673.85,0.04571,0.03095
149,ML-DSA-87,476,1239818320,661.24,596.95,0.04049,0.02742
150,ML-DSA-44,564,1467536720,782.69,706.59,0.04793,0.03245
150,ML-DSA-65,498,1295791900,691.09,623.9,0.04232,0.02865
150,ML-DSA-87,548,1426538360,760.82,686.85,0.04659,0.03154
151,ML-DSA-44,572,1489587320,794.45,717.21,0.04865,0.03294
151,ML-DSA-65,516,1342427060,715.96,646.35,0.04384,0.02968
151,ML-DSA-87,596,1549623920,826.47,746.12,0.05061,0.03427
152,ML-DSA-44,522,1358180460,724.36,653.94,0.04436,0.03003
152,ML-DSA-65,492,1281787260,683.62,617.16,0.04186,0.02834
152,ML-DSA-87,501,1304946240,695.97,628.31,0.04262,0.02886
153,ML-DSA-44,507,1318389800,703.14,634.78,0.04306,0.02915
153,ML-DSA-65,489,1272356020,678.59,612.62,0.04155,0.02814
153,ML-DSA-87,530,1378679380,735.3,663.81,0.04503,0.03049
154,ML-DSA-44,587,1526372900,814.07,734.92,0.04985,0.03375
154,ML-DSA-65,543,1413728420,753.99,680.68,0.04617,0.03126
154,ML-DSA-87,593,1543380020,823.14,743.11,0.05041,0.03413
155,ML-DSA-44,506,1317382300,702.6,634.3,0.04302,0.02913
155,ML-DSA-65,490,1274917800,679.96,613.85,0.04164,0.02819
155,ML-DSA-87,547,1424684820,759.83,685.96,0.04653,0.0315
156,ML-DSA-44,513,1335040980,712.02,642.8,0.0436,0.02952
156,ML-DSA-65,525,1365733200,728.39,657.58,0.0446,0.0302
156,ML-DSA-87,541,1408439500,751.17,678.14,0.046,0.03114
157,ML-DSA-44,496,1290446560,688.24,621.33,0.04214,0.02854
157,ML-DSA-65,581,1511896880,806.35,727.95,0.04938,0.03343
157,ML-DSA-87,518,1349001160,719.47,649.52,0.04406,0.02983
158,ML-DSA-44,580,1509018680,804.81,726.56,0.04928,0.03337
158,ML-DSA-65,510,1327603160,708.06,639.22,0.04336,0.02936
158,ML-DSA-87,539,1403095460,748.32,675.56,0.04582,0.03103
159,ML-DSA-44,516,1343485780,716.53,646.86,0.04388,0.02971
159,ML-DSA-65,502,1306119880,696.6,628.87,0.04266,0.02888
159,ML-DSA-87,527,1371416020,731.42,660.31,0.04479,0.03033
160,ML-DSA-44,513,1334167640,711.56,642.38,0.04357,0.0295
160,ML-DSA-65,507,1319717880,703.85,635.42,0.0431,0.02918
160,ML-DSA-87,516,1341891720,715.68,646.1,0.04383,0.02967
161,ML-DSA-44,512,1332740500,710.79,641.69,0.04353,0.02947
161,ML-DSA-65,522,1358224660,724.39,653.96,0.04436,0.03003
161,ML-DSA-87,539,1403574640,748.57,675.8,0.04584,0.03104
162,ML-DSA-44,495,1289478580,687.72,620.86,0.04211,0.02851
162,ML-DSA-65,626,1629244500,868.93,784.45,0.05321,0.03603
162,ML-DSA-87,622,1618509100,863.2,779.28,0.05286,0.03579
163,ML-DSA-44,564,1466553920,782.16,706.12,0.0479,0.03243
163,ML-DSA-65,598,1557175880,830.49,749.75,0.05086,0.03443
163,ML-DSA-87,612,1592422780,849.29,766.72,0.05201,0.03521
164,ML-DSA-44,625,1625331240,866.84,782.57,0.05308,0.03594
164,ML-DSA-65,623,1621176180,864.63,780.57,0.05295,0.03585
164,ML-DSA-87,602,1565752760,835.07,753.88,0.05114,0.03462
165,ML-DSA-44,603,1568913580,836.75,755.4,0.05124,0.03469
165,ML-DSA-65,627,1630210920,869.45,784.92,0.05324,0.03605
165,ML-DSA-87,648,1687120500,899.8,812.32,0.0551,0.03731
166,ML-DSA-44,593,1542752120,822.8,742.81,0.05038,0.03411
166,ML-DSA-65,667,1736236320,925.99,835.97,0.0567,0.03839
166,ML-DSA-87,575,1495929240,797.83,720.26,0.04886,0.03308
167,ML-DSA-44,579,1506991200,803.73,725.59,0.04922,0.03332
167,ML-DSA-65,557,1449619080,773.13,697.96,0.04734,0.03205
167,ML-DSA-87,564,1467180780,782.5,706.42,0.04792,0.03244
168,ML-DSA-44,564,1466610340,782.19,706.15,0.0479,0.03243
168,ML-DSA-65,610,1587889680,846.87,764.54,0.05186,0.03511
168,ML-DSA-87,578,1503142160,801.68,723.74,0.04909,0.03324
169,ML-DSA-44,526,1368015480,729.61,658.67,0.04468,0.03025
169,ML-DSA-65,611,1588788240,847.35,764.97,0.05189,0.03513
169,ML-DSA-87,544,1416665900,755.56,682.1,0.04627,0.03133
170,ML-DSA-44,588,1529587280,815.78,736.47,0.04995,0.03382
170,ML-DSA-65,530,1378598780,735.25,663.77,0.04502,0.03048
170,ML-DSA-87,566,1473250480,785.73,709.34,0.04811,0.03258
171,ML-DSA-44,544,1416859860,755.66,682.19,0.04627,0.03133
171,ML-DSA-65,522,1359501780,725.07,654.57,0.0444,0.03006
171,ML-DSA-87,586,1525725500,813.72,734.61,0.04983,0.03374
172,ML-DSA-44,596,1551868240,827.66,747.2,0.05068,0.03432
172,ML-DSA-65,609,1585023440,845.35,763.16,0.05177,0.03505
172,ML-DSA-87,624,1624968020,866.65,782.39,0.05307,0.03593
173,ML-DSA-44,608,1582146280,843.81,761.77,0.05167,0.03499
173,ML-DSA-65,662,1721838560,918.31,829.03,0.05623,0.03807
173,ML-DSA-87,612,1592495320,849.33,766.76,0.05201,0.03521
174,ML-DSA-44,580,1509745120,805.2,726.91,0.04931,0.03338
174,ML-DSA-65,618,1609135580,858.21,774.77,0.05255,0.03558
174,ML-DSA-87,590,1535015040,818.67,739.08,0.05013,0.03394
175,ML-DSA-44,611,1588950220,847.44,765.05,0.05189,0.03514
175,ML-DSA-65,594,1545553880,824.3,744.16,0.05048,0.03418
175,ML-DSA-87,585,1521410280,811.42,732.53,0.04969,0.03364
176,ML-DSA-44,557,1450547020,773.63,698.41,0.04737,0.03208
176,ML-DSA-65,651,1694520100,903.74,815.88,0.05534,0.03747
176,ML-DSA-87,632,1645612540,877.66,792.33,0.05374,0.03639
177,ML-DSA-44,568,1478823840,788.71,712.03,0.0483,0.0327
177,ML-DSA-65,609,1585388220,845.54,763.34,0.05178,0.03506
177,ML-DSA-87,613,1595861800,851.13,768.38,0.05212,0.03529
178,ML-DSA-44,626,1628418480,868.49,784.05,0.05318,0.03601
178,ML-DSA-65,637,1657386900,883.94,798.0,0.05413,0.03665
178,ML-DSA-87,642,1669990660,890.66,804.07,0.05454,0.03693
179,ML-DSA-44,644,1676442560,894.1,807.18,0.05475,0.03707
179,ML-DSA-65,615,1599821860,853.24,770.28,0.05225,0.03538
179,ML-DSA-87,610,1588069080,846.97,764.63,0.05186,0.03512
180,ML-DSA-44,638,1660695140,885.7,799.59,0.05424,0.03672
180,ML-DSA-65,693,1803079200,961.64,868.15,0.05889,0.03987
180,ML-DSA-87,625,1625340340,866.85,782.57,0.05308,0.03594
181,ML-DSA-44,605,1574857700,839.92,758.26,0.05143,0.03482
181,ML-DSA-65,644,1675005020,893.34,806.48,0.0547,0.03704
181,ML-DSA-87,602,1565428020,834.89,753.72,0.05112,0.03462
182,ML-DSA-44,582,1515467460,808.25,729.67,0.04949,0.03351
182,ML-DSA-65,666,1733002180,924.27,834.41,0.0566,0.03832
182,ML-DSA-87,648,1685767720,899.08,811.67,0.05506,0.03728
183,ML-DSA-44,564,1468861940,783.39,707.23,0.04797,0.03248
183,ML-DSA-65,585,1523371980,812.47,733.48,0.04975,0.03369
183,ML-DSA-87,568,1478909380,788.75,712.07,0.0483,0.0327
184,ML-DSA-44,603,1568596900,836.59,755.25,0.05123,0.03469
184,ML-DSA-65,592,1539653180,821.15,741.31,0.05028,0.03405
184,ML-DSA-87,596,1551749420,827.6,747.14,0.05068,0.03431
185,ML-DSA-44,592,1539801900,821.23,741.39,0.05029,0.03405
185,ML-DSA-65,627,1631774560,870.28,785.67,0.05329,0.03608
185,ML-DSA-87,707,1838382000,980.47,885.15,0.06004,0.04065
186,ML-DSA-44,659,1715364040,914.86,825.92,0.05602,0.03793
186,ML-DSA-65,557,1448217940,772.38,697.29,0.0473,0.03202
186,ML-DSA-87,619,1609552620,858.43,774.97,0.05257,0.03559
187,ML-DSA-44,562,1461805280,779.63,703.83,0.04774,0.03232
187,ML-DSA-65,577,1502502820,801.33,723.43,0.04907,0.03322
187,ML-DSA-87,688,1790933820,955.16,862.3,0.05849,0.0396
188,ML-DSA-44,633,1647293440,878.56,793.14,0.0538,0.03643
188,ML-DSA-65,557,1448842200,772.72,697.59,0.04732,0.03204
188,ML-DSA-87,669,1741719460,928.92,838.61,0.05688,0.03851
189,ML-DSA-44,662,1722957340,918.91,829.57,0.05627,0.0381
189,ML-DSA-65,626,1628995940,868.8,784.33,0.0532,0.03602
189,ML-DSA-87,613,1594210280,850.25,767.58,0.05207,0.03525
190,ML-DSA-44,576,1498628040,799.27,721.56,0.04894,0.03314
190,ML-DSA-65,599,1558167260,831.02,750.23,0.05089,0.03446
190,ML-DSA-87,676,1758291080,937.76,846.58,0.05742,0.03888
191,ML-DSA-44,582,1514887920,807.94,729.39,0.04947,0.0335
191,ML-DSA-65,591,1536619500,819.53,739.85,0.05018,0.03398
191,ML-DSA-87,583,1516778640,808.95,730.3,0.04954,0.03354
192,ML-DSA-44,609,1583570040,844.57,762.46,0.05172,0.03502
192,ML-DSA-65,616,1602280420,854.55,771.47,0.05233,0.03543
192,ML-DSA-87,664,1727360440,921.26,831.69,0.05641,0.0382
193,ML-DSA-44,692,1800995820,960.53,867.15,0.05882,0.03983
193,ML-DSA-65,622,1617530200,862.68,778.81,0.05283,0.03577
193,ML-DSA-87,701,1824069260,972.84,878.26,0.05957,0.04034
194,ML-DSA-44,728,1893480680,1009.86,911.68,0.06184,0.04187
194,ML-DSA-65,588,1529497580,815.73,736.42,0.04995,0.03382
194,ML-DSA-87,661,1719730220,917.19,828.02,0.05616,0.03803
195,ML-DSA-44,606,1576502200,840.8,759.06,0.05149,0.03486
195,ML-DSA-65,729,1895421320,1010.89,912.61,0.0619,0.04191
195,ML-DSA-87,645,1678069900,894.97,807.96,0.0548,0.03711
196,ML-DSA-44,592,1540395480,821.54,741.67,0.05031,0.03406
196,ML-DSA-65,631,1642661800,876.09,790.91,0.05365,0.03632
196,ML-DSA-87,595,1547338000,825.25,745.01,0.05053,0.03422
197,ML-DSA-44,677,1760476380,938.92,847.64,0.0575,0.03893
197,ML-DSA-65,728,1895225540,1010.79,912.52,0.0619,0.04191
197,ML-DSA-87,641,1669017220,890.14,803.6,0.05451,0.03691
198,ML-DSA-44,634,1650195560,880.1,794.54,0.05389,0.03649
198,ML-DSA-65,664,1727728860,921.46,831.87,0.05643,0.03821
198,ML-DSA-87,731,1901073200,1013.91,915.33,0.06209,0.04204
199,ML-DSA-44,670,1742255320,929.2,838.86,0.0569,0.03853
199,ML-DSA-65,609,1584637340,845.14,762.97,0.05175,0.03504
199,ML-DSA-87,650,1692221960,902.52,814.77,0.05527,0.03742
200,ML-DSA-44,677,1761470100,939.45,848.12,0.05753,0.03895
200,ML-DSA-65,662,1723714460,919.31,829.94,0.05629,0.03812
200,ML-DSA-87,631,1642553120,876.03,790.86,0.05364,0.03632
500,ML-DSA-44,1433,3726381880,1987.4,1794.18,0.1217,0.0824
500,ML-DSA-65,1453,3780361000,2016.19,1820.17,0.12346,0.08359
500,ML-DSA-87,1328,3454485320,1842.39,1663.27,0.11282,0.07639
1024,ML-DSA-44,2796,7269791360,3877.22,3500.27,0.23742,0.16076
1024,ML-DSA-65,2610,6787615120,3620.06,3268.11,0.22168,0.15009
1024,ML-DSA-87,3033,7887676160,4206.76,3797.77,0.2576,0.17442
